{"options":{"validator":{"$jsonSchema":{"bsonType":"object","required":["userId","tripId","bookingDate","status","noParticipants","totalPrice","createdAt","updatedAt"],"properties":{"userId":{"bsonType":"objectId"},"tripId":{"bsonType":"objectId"},"bookingDate":{"bsonType":"date"},"status":{"bsonType":"string","enum":["confirmed and paid","cancelled","new"]},"participants":{"bsonType":"int","minimum":{"$numberInt":"1"}},"totalPrice":{"bsonType":"decimal"},"createdAt":{"bsonType":"date"},"updatedAt":{"bsonType":"date"}}}}},"indexes":[{"v":{"$numberInt":"2"},"key":{"_id":{"$numberInt":"1"}},"name":"_id_"},{"v":{"$numberInt":"2"},"key":{"userId":{"$numberInt":"1"}},"name":"userId_1"},{"v":{"$numberInt":"2"},"key":{"tripId":{"$numberInt":"1"}},"name":"tripId_1"},{"v":{"$numberInt":"2"},"key":{"status":{"$numberInt":"1"}},"name":"status_1"},{"v":{"$numberInt":"2"},"key":{"bookingDate":{"$numberInt":"1"}},"name":"bookingDate_1"}],"uuid":"f3e613cfc5ac40e8ab36f28a1684c89b","collectionName":"bookings","type":"collection"}