{"options":{"validator":{"$jsonSchema":{"bsonType":"object","required":["name","address","email"],"properties":{"name":{"bsonType":"string"},"address":{"bsonType":"object","required":["street","city","postalCode","country"],"properties":{"street":{"bsonType":"string"},"city":{"bsonType":"string"},"postalCode":{"bsonType":"string"},"country":{"bsonType":"string"}}},"phone":{"bsonType":"string"},"email":{"bsonType":"string","pattern":"^[a-zA-Z0-9._%+-]+@[a-zA-Z0-9.-]+\\.[a-zA-Z]{2,}$"}}}}},"indexes":[{"v":{"$numberInt":"2"},"key":{"_id":{"$numberInt":"1"}},"name":"_id_"},{"v":{"$numberInt":"2"},"key":{"name":{"$numberInt":"1"}},"name":"name_1"},{"v":{"$numberInt":"2"},"key":{"email":{"$numberInt":"1"}},"name":"email_1","unique":true}],"uuid":"af1fd0477ed34964a4b5a53aa6e31e8a","collectionName":"companies","type":"collection"}