{"options":{"validator":{"$jsonSchema":{"bsonType":"object","required":["companyId","name","destination","startDate","endDate","price"],"properties":{"companyId":{"bsonType":"objectId"},"name":{"bsonType":"string"},"description":{"bsonType":"string"},"destination":{"bsonType":"string"},"startDate":{"bsonType":"date"},"endDate":{"bsonType":"date"},"price":{"bsonType":"decimal"},"maxParticipants":{"bsonType":"int","minimum":{"$numberInt":"1"}},"availableSpots":{"bsonType":"int","minimum":{"$numberInt":"0"}},"ratings":{"bsonType":"array","items":{"bsonType":"object","required":["userId","rating","createdAt"],"properties":{"userId":{"bsonType":"objectId"},"rating":{"bsonType":"int","minimum":{"$numberInt":"1"},"maximum":{"$numberInt":"5"}},"comment":{"bsonType":"string"},"createdAt":{"bsonType":"date"}}}}}}}},"indexes":[{"v":{"$numberInt":"2"},"key":{"_id":{"$numberInt":"1"}},"name":"_id_"},{"v":{"$numberInt":"2"},"key":{"companyId":{"$numberInt":"1"}},"name":"companyId_1"},{"v":{"$numberInt":"2"},"key":{"destination":{"$numberInt":"1"}},"name":"destination_1"},{"v":{"$numberInt":"2"},"key":{"startDate":{"$numberInt":"1"},"endDate":{"$numberInt":"1"}},"name":"startDate_1_endDate_1"},{"v":{"$numberInt":"2"},"key":{"ratings.userId":{"$numberInt":"1"}},"name":"ratings.userId_1"}],"uuid":"a6cd57cade66476989fd49414004388c","collectionName":"trips","type":"collection"}