{"options":{"validator":{"$jsonSchema":{"bsonType":"object","required":["firstName","lastName","email"],"properties":{"firstName":{"bsonType":"string"},"lastName":{"bsonType":"string"},"email":{"bsonType":"string","pattern":"^[a-zA-Z0-9._%+-]+@[a-zA-Z0-9.-]+\\.[a-zA-Z]{2,}$"},"phone":{"bsonType":"string"},"dateOfBirth":{"bsonType":"date"}}}}},"indexes":[{"v":{"$numberInt":"2"},"key":{"_id":{"$numberInt":"1"}},"name":"_id_"},{"v":{"$numberInt":"2"},"key":{"email":{"$numberInt":"1"}},"name":"email_1","unique":true},{"v":{"$numberInt":"2"},"key":{"lastName":{"$numberInt":"1"},"firstName":{"$numberInt":"1"}},"name":"lastName_1_firstName_1"}],"uuid":"897ab6fbf7e04b139ae0502bcf4056da","collectionName":"users","type":"collection"}